{"chunk_definitions":[{"row":11,"row_count":1,"visible":true,"expansion_state":0,"options":{"engine":"r","label":"setup","include":false},"document_id":"3C8B869D","chunk_id":"csetup_chunk","chunk_label":"setup"},{"row":22,"row_count":1,"visible":true,"expansion_state":0,"options":{"engine":"r","label":"unnamed-chunk-33"},"document_id":"3C8B869D","chunk_id":"c0qx0wgwh8tdc","chunk_label":"unnamed-chunk-1"},{"row":30,"row_count":1,"visible":true,"expansion_state":0,"options":{"engine":"r","label":"unnamed-chunk-39"},"document_id":"3C8B869D","chunk_id":"cxko0kb4418ll","chunk_label":"unnamed-chunk-2"},{"row":38,"row_count":1,"visible":true,"expansion_state":0,"options":{"engine":"r","label":"unnamed-chunk-47"},"document_id":"3C8B869D","chunk_id":"ce5wlsbiy7gqy","chunk_label":"unnamed-chunk-3"},{"row":42,"row_count":1,"visible":true,"expansion_state":0,"options":{"engine":"r","label":"unnamed-chunk-49"},"document_id":"3C8B869D","chunk_id":"cht4q6rvszgmi","chunk_label":"unnamed-chunk-4"},{"row":51,"row_count":1,"visible":true,"expansion_state":0,"options":{"engine":"r","label":"unnamed-chunk-50"},"document_id":"3C8B869D","chunk_id":"czaya20eqw74o","chunk_label":"unnamed-chunk-5"},{"row":56,"row_count":1,"visible":true,"expansion_state":0,"options":{"engine":"r","label":"unnamed-chunk-52"},"document_id":"3C8B869D","chunk_id":"c4tslapzm1e1d","chunk_label":"unnamed-chunk-6"},{"row":60,"row_count":1,"visible":true,"expansion_state":0,"options":{"engine":"r","label":"unnamed-chunk-53"},"document_id":"3C8B869D","chunk_id":"ctubg7zjf336t","chunk_label":"unnamed-chunk-7"},{"row":75,"row_count":1,"visible":true,"expansion_state":0,"options":{"engine":"r","label":"unnamed-chunk-54"},"document_id":"3C8B869D","chunk_id":"c1ulkvb386jid","chunk_label":"unnamed-chunk-8"},{"row":83,"row_count":1,"visible":true,"expansion_state":0,"options":{"engine":"r","label":"unnamed-chunk-56"},"document_id":"3C8B869D","chunk_id":"c0fkop5msls9f","chunk_label":"unnamed-chunk-10"},{"row":91,"row_count":1,"visible":true,"expansion_state":0,"options":{"engine":"r","label":"unnamed-chunk-57"},"document_id":"3C8B869D","chunk_id":"c3k5hv75gqwom","chunk_label":"unnamed-chunk-11"},{"row":96,"row_count":1,"visible":true,"expansion_state":0,"options":{"engine":"r","label":"unnamed-chunk-60"},"document_id":"3C8B869D","chunk_id":"c5chduwzhrcyw","chunk_label":"unnamed-chunk-12"},{"row":99,"row_count":1,"visible":true,"expansion_state":0,"options":{"engine":"r","label":"unnamed-chunk-59"},"document_id":"3C8B869D","chunk_id":"c2suqmnmbagan","chunk_label":"unnamed-chunk-13"},{"row":108,"row_count":1,"visible":true,"expansion_state":0,"options":{"engine":"r","eval":true,"label":"unnamed-chunk-64"},"document_id":"3C8B869D","chunk_id":"c96j9d2s0vov2","chunk_label":"unnamed-chunk-14"},{"row":137,"row_count":1,"visible":true,"expansion_state":0,"options":{"engine":"r","label":"unnamed-chunk-70"},"document_id":"3C8B869D","chunk_id":"cpzo4f1k26i6n","chunk_label":"unnamed-chunk-17"},{"row":143,"row_count":1,"visible":true,"expansion_state":0,"options":{"engine":"r","label":"unnamed-chunk-75"},"document_id":"3C8B869D","chunk_id":"cejsy66gb3iyo","chunk_label":"unnamed-chunk-18"},{"row":200,"row_count":1,"visible":true,"expansion_state":0,"options":{"engine":"r","label":"unnamed-chunk-1"},"document_id":"3C8B869D","chunk_id":"c7i64i2mnn3n2","chunk_label":"unnamed-chunk-20"},{"row":207,"row_count":1,"visible":true,"expansion_state":0,"options":{"engine":"r","label":"unnamed-chunk-5"},"document_id":"3C8B869D","chunk_id":"cpqan0q8y7y9n","chunk_label":"unnamed-chunk-21"},{"row":213,"row_count":1,"visible":true,"expansion_state":0,"options":{"engine":"r","label":"unnamed-chunk-4"},"document_id":"3C8B869D","chunk_id":"c0dbnmilix6g6","chunk_label":"unnamed-chunk-22"},{"row":224,"row_count":1,"visible":true,"expansion_state":0,"options":{"engine":"r","label":"unnamed-chunk-8"},"document_id":"3C8B869D","chunk_id":"cq4hc3i679f8x","chunk_label":"unnamed-chunk-23"}],"doc_write_time":1618407986,"working_dir":null,"default_chunk_options":{"echo":true}}