{"chunk_definitions":[{"row":7,"row_count":1,"visible":true,"expansion_state":0,"options":{"engine":"r","label":"unnamed-chunk-1"},"document_id":"A12A02E3","chunk_id":"crc21bhjv31uo","chunk_label":"unnamed-chunk-1"},{"row":11,"row_count":1,"visible":true,"expansion_state":0,"options":{"engine":"r","label":"unnamed-chunk-2"},"document_id":"A12A02E3","chunk_id":"cj22v35hvzppp","chunk_label":"unnamed-chunk-2"},{"row":20,"row_count":1,"visible":true,"expansion_state":0,"options":{"engine":"r","label":"unnamed-chunk-4"},"document_id":"A12A02E3","chunk_id":"cgufcf21fp30u","chunk_label":"unnamed-chunk-3"},{"row":25,"row_count":1,"visible":true,"expansion_state":0,"options":{"engine":"r","label":"unnamed-chunk-9"},"document_id":"A12A02E3","chunk_id":"cofxtdy4rdwg2","chunk_label":"unnamed-chunk-4"},{"row":28,"row_count":1,"visible":true,"expansion_state":0,"options":{"engine":"r","label":"unnamed-chunk-8"},"document_id":"A12A02E3","chunk_id":"c9br86jzyjt47","chunk_label":"unnamed-chunk-5"},{"row":34,"row_count":1,"visible":true,"expansion_state":0,"options":{"engine":"r","label":"unnamed-chunk-10"},"document_id":"A12A02E3","chunk_id":"cei7t90c0kh1u","chunk_label":"unnamed-chunk-6"},{"row":39,"row_count":1,"visible":true,"expansion_state":0,"options":{"engine":"r","label":"unnamed-chunk-11"},"document_id":"A12A02E3","chunk_id":"cb2l5b1jkpmq2","chunk_label":"unnamed-chunk-7"},{"row":43,"row_count":1,"visible":true,"expansion_state":0,"options":{"engine":"r","label":"unnamed-chunk-14"},"document_id":"A12A02E3","chunk_id":"c70vhj2h41afn","chunk_label":"unnamed-chunk-8"},{"row":53,"row_count":1,"visible":true,"expansion_state":0,"options":{"engine":"r","label":"unnamed-chunk-16"},"document_id":"A12A02E3","chunk_id":"copxxo58x9too","chunk_label":"unnamed-chunk-9"},{"row":57,"row_count":1,"visible":true,"expansion_state":0,"options":{"engine":"r","label":"unnamed-chunk-17"},"document_id":"A12A02E3","chunk_id":"cnldm91n9xbu6","chunk_label":"unnamed-chunk-10"},{"row":63,"row_count":1,"visible":true,"expansion_state":0,"options":{"engine":"r","label":"unnamed-chunk-19"},"document_id":"A12A02E3","chunk_id":"c0a45ih8wo11h","chunk_label":"unnamed-chunk-11"},{"row":71,"row_count":1,"visible":true,"expansion_state":0,"options":{"engine":"r","label":"unnamed-chunk-22"},"document_id":"A12A02E3","chunk_id":"cri7mqlft4pba","chunk_label":"unnamed-chunk-12"},{"row":78,"row_count":1,"visible":true,"expansion_state":0,"options":{"engine":"r","label":"unnamed-chunk-23"},"document_id":"A12A02E3","chunk_id":"cn82qt894qdk6","chunk_label":"unnamed-chunk-13"},{"row":85,"row_count":1,"visible":true,"expansion_state":0,"options":{"engine":"r","label":"unnamed-chunk-27"},"document_id":"A12A02E3","chunk_id":"ctvj335cveli9","chunk_label":"unnamed-chunk-14"},{"row":93,"row_count":1,"visible":true,"expansion_state":0,"options":{"engine":"r","label":"unnamed-chunk-28"},"document_id":"A12A02E3","chunk_id":"ctrcdm2s8vqht","chunk_label":"unnamed-chunk-15"},{"row":97,"row_count":1,"visible":true,"expansion_state":0,"options":{"engine":"r","label":"unnamed-chunk-30"},"document_id":"A12A02E3","chunk_id":"c2ls579697dhs","chunk_label":"unnamed-chunk-16"},{"row":103,"row_count":1,"visible":true,"expansion_state":0,"options":{"engine":"r","label":"unnamed-chunk-31"},"document_id":"A12A02E3","chunk_id":"c5frli9576wd1","chunk_label":"unnamed-chunk-17"}],"doc_write_time":7165072471026328935}