{"chunk_definitions":[{"row":8,"row_count":1,"visible":true,"expansion_state":0,"options":{"engine":"r","label":"unnamed-chunk-76"},"document_id":"42C63163","chunk_id":"cbqo05xroqn7w","chunk_label":"unnamed-chunk-1"},{"row":16,"row_count":1,"visible":true,"expansion_state":0,"options":{"engine":"r","label":"unnamed-chunk-82"},"document_id":"42C63163","chunk_id":"ce6x0tm16ky5a","chunk_label":"unnamed-chunk-2"},{"row":20,"row_count":1,"visible":true,"expansion_state":0,"options":{"engine":"r","label":"unnamed-chunk-85"},"document_id":"42C63163","chunk_id":"c8aq3rkdhr8qd","chunk_label":"unnamed-chunk-3"},{"row":25,"row_count":1,"visible":true,"expansion_state":0,"options":{"engine":"r","label":"unnamed-chunk-88"},"document_id":"42C63163","chunk_id":"cwoav6iapnfdn","chunk_label":"unnamed-chunk-4"},{"row":32,"row_count":1,"visible":true,"expansion_state":0,"options":{"engine":"r","label":"unnamed-chunk-89"},"document_id":"42C63163","chunk_id":"c81lw7jlx7wsh","chunk_label":"unnamed-chunk-5"},{"row":39,"row_count":1,"visible":true,"expansion_state":0,"options":{"engine":"r","label":"unnamed-chunk-90"},"document_id":"42C63163","chunk_id":"cycjva8qxuus9","chunk_label":"unnamed-chunk-6"},{"row":45,"row_count":1,"visible":true,"expansion_state":0,"options":{"engine":"r","label":"unnamed-chunk-91"},"document_id":"42C63163","chunk_id":"ctbnksrqbfud1","chunk_label":"unnamed-chunk-7"},{"row":50,"row_count":1,"visible":true,"expansion_state":0,"options":{"engine":"r","label":"unnamed-chunk-101"},"document_id":"42C63163","chunk_id":"cebqh4oefvcux","chunk_label":"unnamed-chunk-8"},{"row":57,"row_count":1,"visible":true,"expansion_state":0,"options":{"engine":"r","label":"unnamed-chunk-102"},"document_id":"42C63163","chunk_id":"ck6r9mzyqb3qc","chunk_label":"unnamed-chunk-9"},{"row":68,"row_count":1,"visible":true,"expansion_state":0,"options":{"engine":"r","label":"unnamed-chunk-107"},"document_id":"42C63163","chunk_id":"c73rzmdpvucr2","chunk_label":"unnamed-chunk-10"},{"row":73,"row_count":1,"visible":true,"expansion_state":0,"options":{"engine":"r","label":"unnamed-chunk-108"},"document_id":"42C63163","chunk_id":"c0u0edr701ysf","chunk_label":"unnamed-chunk-11"},{"row":82,"row_count":1,"visible":true,"expansion_state":0,"options":{"engine":"r","label":"unnamed-chunk-109"},"document_id":"42C63163","chunk_id":"crlb2g2bc1d45","chunk_label":"unnamed-chunk-12"},{"row":90,"row_count":1,"visible":true,"expansion_state":0,"options":{"engine":"r","label":"unnamed-chunk-110"},"document_id":"42C63163","chunk_id":"c4uqkq4h2ac7s","chunk_label":"unnamed-chunk-13"},{"row":101,"row_count":1,"visible":true,"expansion_state":0,"options":{"engine":"r","label":"unnamed-chunk-121"},"document_id":"42C63163","chunk_id":"ceu45br48jepb","chunk_label":"unnamed-chunk-14"},{"row":110,"row_count":1,"visible":true,"expansion_state":0,"options":{"engine":"r","label":"unnamed-chunk-122"},"document_id":"42C63163","chunk_id":"c0q2k9plzpnft","chunk_label":"unnamed-chunk-15"},{"row":118,"row_count":1,"visible":true,"expansion_state":0,"options":{"engine":"r","label":"unnamed-chunk-127"},"document_id":"42C63163","chunk_id":"c8p4q9c6vh5vo","chunk_label":"unnamed-chunk-16"},{"row":131,"row_count":1,"visible":true,"expansion_state":0,"options":{"engine":"r","label":"unnamed-chunk-128"},"document_id":"42C63163","chunk_id":"coeehti32j9ca","chunk_label":"unnamed-chunk-17"},{"row":140,"row_count":1,"visible":true,"expansion_state":0,"options":{"engine":"r","label":"unnamed-chunk-138"},"document_id":"42C63163","chunk_id":"ca3cd6b046013","chunk_label":"unnamed-chunk-18"}],"doc_write_time":13511005043687516}